[
    {
      "name": "Snail Mucin",
      "description": "COSRX Snail Mucin 96% Power Repairing Essence 3.38 fl.oz 100ml",
      "value": 15,
      "count": 100,
      "image": "images/snailMucin.png"
    },
    {
      "name": "Face Serum",
      "description": "Youth To The People 4D Hyaluronic Acid Face Serum",
      "value": 50,
      "count": 200,
      "image": "images/faceSerum.png"
    },
    {
      "name": "Face Lotion",
      "description": "Jan Marini Skin Research Bioclear Face Lotion | Glycolic, Salicylic & Azelaic Acid",
      "value": 90,
      "count": 50,
      "image": "images/faceLotion.png"
    },
    {
      "name": "Facial Spray",
      "description": "Mario Badescu Facial Spray with Aloe, Chamomile and Lavender for All Skin Types",
      "value": 10,
      "count": 200,
      "image": "images/facialSpray.png"
    },
    {
      "name": "Hyalauronic Acid",
      "description": "COSRX Hyaluronic Acid Moisturizing Cream, Long-lasting Hydration",
      "value": 20,
      "count": 200,
      "image": "images/hyalAcid.png"
    },
    {
      "name": "Pimple Patch",
      "description": "Mighty Patch Original from Hero Cosmetics - Hydrocolloid Acne Pimple Patch for Zits",
      "value": 20,
      "count": 200,
      "image": "images/pimplePatch.png"
    },
    {
      "name": "Eye Patch",
      "description": "Mighty Patch Original from Hero Cosmetics - Hydrocolloid Acne Pimple Patch for Zits",
      "value": 30,
      "count": 50,
      "image": "images/eyePatch.png"
    },
    {
      "name": "Niacinamide",
      "description": "COSRX Niacinamide 15% Face Serum, Minimize Enlarged Pores",
      "value": 40,
      "count": 80,
      "image": "images/niacinamide.png"
    }
  ]
  